year,month,total_rain_in
1909,10,0.9500000000000001
1909,11,1.69
1909,12,5.8
1910,1,3.58
1910,2,0.23
1910,3,4.18
1910,9,0.84
1910,10,0.12
1910,11,0.5800000000000001
1910,12,0.46
1911,1,9.53
1911,2,3.6399999999999997
1911,3,12.41
1911,4,1.4700000000000002
1911,12,1.8499999999999999
1912,1,1.59
1912,3,6.7700000000000005
1912,4,0.85
1912,5,1.12
1912,11,0.3
1912,12,0.16
1913,1,2.88
1913,2,3.22
1913,3,0.75
1913,4,0.5
1913,5,0.15
1913,6,0.35
1913,8,1.2
1913,11,2.45
1913,12,3.0500000000000003
1914,1,11.3
1914,2,6.26
1914,3,0.97
1914,4,0.44999999999999996
1914,12,5.12
1915,1,5.34
1915,2,8.16
1915,3,0.6100000000000001
1915,4,2.14
1915,5,1.6500000000000001
1917,12,0.04
1918,1,0.41000000000000003
1918,2,11.879999999999999
1918,3,7.18
1918,8,0.2
1918,9,0.2
1918,10,0.3
1918,11,2.94
1918,12,2.63
1919,1,0.46
1919,2,2.75
1919,3,1.65
1919,4,0.06
1919,5,1.35
1919,9,0.5800000000000001
1919,10,0.18
1919,11,0.16999999999999998
1919,12,2.67
1920,1,0.39
1920,2,2.97
1920,3,3.75
1920,4,0.71
1920,9,0.03
1920,10,0.58
1920,11,1.3299999999999998
1920,12,1.29
1921,1,3.77
1921,2,1.8
1921,3,1.06
1921,4,0.34
1921,5,1.47
1921,9,0.8400000000000001
1921,10,0.32
1921,12,5.77
1922,1,4.35
1922,2,3.6
1922,3,2.58
1922,4,0.26
1922,5,0.39
1922,10,0.55
1922,11,1.26
1922,12,4.15
1923,2,1.26
1923,3,0.35
1923,4,3.6
1923,6,0.05
1923,9,0.15
1923,10,0.05
1923,11,0.18
1923,12,0.36
1924,1,0.59
1924,2,0.19
1924,3,3.15
1924,4,0.71
1924,10,0.8200000000000001
1924,11,0.8500000000000001
1924,12,1.43
1925,1,0.84
1925,2,1.75
1925,3,3.5200000000000005
1925,4,2.6300000000000003
1925,5,1.21
1925,6,0.08
1925,10,0.8200000000000001
1925,11,0.25
1925,12,1.65
1926,1,1.87
1926,2,3.12
1926,3,0.32
1926,4,4.09
1926,5,0.03
1926,10,0.49
1926,11,4.68
1926,12,0.81
1927,1,1.91
1927,2,6.02
1927,3,2.16
1927,4,1.4300000000000002
1927,5,0.08
1927,10,3.41
1927,11,0.27
1927,12,4.5
1928,1,0.12
1928,2,2.99
1928,3,2.54
1928,4,0.23
1928,5,0.92
1928,10,0.23
1928,11,2.79
1928,12,2.18
1929,1,1.7
1929,2,1.02
1929,3,1.1600000000000001
1929,4,1.21
1929,6,0.1
1929,12,0.11
1930,1,4.22
1930,2,1.45
1930,3,3.31
1930,4,0.5900000000000001
1930,5,0.89
1930,9,0.29
1930,11,1.64
1931,1,3.92
1931,2,1.92
1931,3,0.12
1931,4,0.65
1931,5,1.1
1931,8,0.14
1931,11,2.7199999999999998
1931,12,7.3
1932,1,3.0999999999999996
1932,2,3.51
1932,3,0.18
1932,4,0.76
1932,5,0.12
1932,9,0.17
1932,10,0.04
1932,11,0.01
1932,12,1.3800000000000001
1933,1,6.95
1933,2,0.3
1933,3,0.55
1933,4,0.66
1933,5,0.28
1933,6,1.26
1933,10,0.27
1933,11,0.02
1933,12,3.0300000000000002
1934,1,1.6300000000000001
1934,2,3.04
1934,5,0.34
1934,6,0.53
1934,10,1.42
1934,11,3.0
1934,12,1.7
1935,1,4.18
1935,2,1.66
1935,3,3.37
1935,4,2.58
1935,5,0.17
1935,8,0.15
1935,10,0.56
1935,11,1.21
1935,12,1.66
1936,1,0.5499999999999999
1936,2,7.2
1936,3,1.3599999999999999
1936,4,0.61
1936,5,0.08
1936,6,0.05
1936,8,0.19
1936,9,0.07
1936,10,2.73
1936,12,4.43
1937,1,3.66
1937,2,5.34
1937,3,4.82
1937,4,0.25
1937,10,0.06
1937,12,2.18
1938,1,2.56
1938,2,7.67
1938,3,5.79
1938,4,1.4300000000000002
1938,5,0.02
1938,9,0.8900000000000001
1938,10,0.16
1938,11,0.13
1938,12,3.54
1939,1,3.05
1939,2,1.96
1939,3,2.84
1939,4,0.1
1939,5,0.05
1939,9,1.9500000000000002
1939,10,0.56
1939,11,1.05
1939,12,1.45
1940,1,4.77
1940,2,2.75
1940,3,1.06
1940,4,1.93
1940,10,0.4600000000000001
1940,11,0.1
1940,12,6.04
1941,1,6.44
1941,2,8.15
1941,3,10.13
1941,4,3.83
1941,5,0.06
1941,7,0.05
1941,8,0.03
1941,10,1.05
1941,11,0.32
1941,12,7.91
1942,1,1.86
1942,2,0.7000000000000001
1942,3,1.95
1942,4,3.63
1942,5,0.23
1942,8,0.07
1942,10,0.7999999999999999
1942,11,0.72
1942,12,1.9300000000000002
1943,1,6.83
1943,2,2.1799999999999997
1943,3,2.84
1943,4,1.0
1943,10,0.9299999999999999
1943,11,0.17
1943,12,4.22
1944,1,1.9300000000000002
1944,2,7.36
1944,3,1.04
1944,4,1.6500000000000001
1944,5,0.06
1944,11,3.17
1944,12,1.55
1945,1,0.1
1945,2,3.95
1945,3,3.26
1945,4,0.09
1945,5,0.02
1945,6,0.02
1945,8,0.09
1945,10,0.52
1945,11,0.9
1945,12,3.8800000000000003
1946,1,0.64
1946,2,1.4
1946,3,4.77
1946,4,1.19
1946,5,0.11
1946,10,0.3
1946,11,4.84
1946,12,1.33
1947,1,0.53
1947,2,0.7000000000000001
1947,3,0.91
1947,4,0.12
1947,5,0.11
1947,6,0.03
1947,8,0.05
1947,10,0.34
1947,11,0.01
1947,12,0.56
1948,1,0.01
1948,2,1.3599999999999999
1948,3,3.2600000000000002
1948,4,1.72
1948,5,0.76
1948,6,0.06
1948,10,0.15
1948,12,3.58
1949,1,1.28
1949,2,1.6099999999999999
1949,3,4.12
1949,4,0.24
1949,5,0.7500000000000001
1949,10,0.02
1949,11,1.63
1949,12,3.63
1950,1,2.52
1950,2,1.46
1950,3,1.51
1950,4,0.62
1950,5,0.15
1950,7,0.9
1950,10,0.86
1950,11,1.83
1950,12,0.68
1951,1,2.09
1951,2,1.6099999999999999
1951,3,1.42
1951,4,1.69
1951,5,0.02
1951,10,0.7999999999999999
1951,11,1.21
1951,12,4.31
1952,1,6.59
1952,2,0.36
1952,3,7.78
1952,4,0.5700000000000001
1952,5,0.02
1952,6,0.03
1952,7,0.02
1952,11,3.4
1952,12,5.39
1953,1,1.26
1953,3,1.08
1953,4,1.27
1953,11,2.5100000000000002
1953,12,0.25
1954,1,4.64
1954,2,1.47
1954,3,4.3100000000000005
1954,4,0.26
1954,5,0.02
1954,11,1.29
1954,12,2.68
1955,1,4.42
1955,2,1.42
1955,3,0.33
1955,4,1.8600000000000003
1955,5,1.21
1955,6,0.02
1955,8,0.01
1955,11,1.96
1955,12,6.47
1956,1,4.7
1956,2,0.59
1956,4,1.88
1956,5,1.19
1956,10,0.64
1956,12,0.36
1957,1,3.17
1957,2,2.2
1957,3,1.24
1957,4,1.2999999999999998
1957,5,1.28
1957,6,0.08
1957,10,0.8200000000000001
1957,11,0.43
1957,12,3.5100000000000002
1958,1,3.0300000000000002
1958,2,7.19
1958,3,5.8500000000000005
1958,4,6.390000000000001
1958,5,0.33
1958,9,1.6199999999999999
1958,11,0.17
1958,12,0.21000000000000002
1959,1,2.5
1959,2,4.98
1959,4,0.6799999999999999
1959,9,0.05
1959,12,0.8899999999999999
1960,1,4.5
1960,2,3.97
1960,3,0.79
1960,4,2.65
1960,10,0.64
1960,11,3.23
1960,12,1.02
1961,1,0.9
1961,2,0.12
1961,3,0.8799999999999999
1961,4,0.25
1961,5,0.16
1961,11,3.35
1961,12,2.36
1962,1,2.94
1962,2,12.51
1962,3,1.97
1962,4,0.04
1962,5,0.09999999999999999
1962,10,0.46
1962,11,0.01
1962,12,0.44000000000000006
1963,1,0.48
1963,2,4.76
1963,3,3.63
1963,4,2.61
1963,5,0.30000000000000004
1963,6,0.17
1963,8,0.31
1963,9,1.01
1963,10,1.1400000000000001
1963,11,2.03
1963,12,0.16
1964,1,1.81
1964,2,0.12
1964,3,1.9899999999999998
1964,4,1.49
1964,5,0.44
1964,6,0.07
1964,7,0.02
1964,10,1.47
1964,11,2.4099999999999997
1964,12,2.1100000000000003
1965,1,0.72
1965,2,0.51
1965,3,2.37
1965,4,4.2
1965,10,0.01
1965,11,5.79
1965,12,3.43
1966,1,2.03
1966,2,0.8699999999999999
1966,3,0.28
1966,4,0.09
1966,5,0.03
1966,6,0.02
1966,9,0.09
1966,11,2.02
1966,12,5.390000000000001
1967,1,4.67
1967,2,0.31
1967,3,2.3
1967,4,4.98
1967,9,0.28
1967,11,2.06
1967,12,1.0299999999999998
1968,1,1.45
1968,2,0.88
1968,3,2.83
1968,4,0.97
1968,5,0.16
1968,10,1.9300000000000002
1968,11,1.18
1968,12,1.7999999999999998
1969,1,9.389999999999999
1969,2,9.47
1969,3,1.33
1969,4,1.9000000000000001
1969,5,0.1
1969,9,0.11
1969,10,0.13
1969,11,1.54
1969,12,0.53
1970,1,3.06
1970,2,1.35
1970,3,3.25
1970,4,0.19
1970,10,0.03
1970,11,2.9299999999999997
1970,12,4.44
1971,1,0.8
1971,2,0.62
1971,3,0.66
1971,4,0.74
1971,5,0.95
1971,9,0.04
1971,10,0.27
1971,11,0.36
1971,12,6.0200000000000005
1972,1,0.09000000000000001
1972,2,0.28
1972,4,0.19
1972,5,0.1
1972,7,0.05
1972,10,0.55
1972,11,3.84
1972,12,1.22
1973,1,4.99
1973,2,7.21
1973,3,3.48
1973,4,0.05
1973,5,0.19
1973,9,0.05
1973,10,0.32
1973,11,2.42
1973,12,2.23
1974,1,5.92
1974,2,0.13
1974,3,4.0
1974,4,0.96
1974,10,1.01
1974,11,0.26
1974,12,5.12
1975,1,0.21000000000000002
1975,2,4.2299999999999995
1975,3,5.29
1975,4,0.86
1975,10,0.8400000000000001
1975,12,0.16999999999999998
1976,1,0.01
1976,2,6.68
1976,3,1.67
1976,4,1.31
1976,5,0.03
1976,6,0.13
1976,7,0.02
1976,8,0.44000000000000006
1976,9,4.82
1976,10,0.38
1976,11,0.39
1976,12,0.77
1977,1,2.6
1977,2,0.13
1977,3,2.02
1977,4,0.01
1977,5,2.84
1977,11,0.14
1977,12,3.1
1978,1,5.62
1978,2,8.219999999999999
1978,3,7.66
1978,4,2.88
1978,9,2.17
1978,11,2.08
1978,12,1.96
1979,1,4.59
1979,2,3.8
1979,3,5.22
1979,5,0.04
1979,9,0.2
1979,10,0.9199999999999999
1979,11,0.6900000000000001
1979,12,1.8
1980,1,4.25
1980,2,6.91
1980,3,2.42
1980,4,1.55
1980,5,0.28
1980,7,0.01
1980,12,0.86
1981,1,2.87
1981,2,2.75
1981,3,6.34
1981,4,0.48
1981,10,0.57
1981,11,0.9199999999999999
1981,12,0.8600000000000001
1982,1,2.9
1982,2,0.79
1982,3,5.5
1982,4,2.9000000000000004
1982,9,0.31
1982,10,1.48
1982,11,4.64
1982,12,2.46
1983,1,8.16
1983,2,5.23
1983,3,8.67
1983,4,4.18
1983,5,0.26
1983,8,0.31
1983,9,0.05
1983,10,1.22
1983,11,3.1999999999999997
1983,12,3.61
1984,1,0.01
1984,2,0.41000000000000003
1984,3,0.5700000000000001
1984,4,0.59
1984,10,0.7
1984,11,3.1399999999999997
1984,12,3.63
1985,1,0.5800000000000001
1985,2,0.97
1985,3,1.4000000000000001
1985,8,0.02
1985,10,0.41
1985,11,3.49
1985,12,0.44
1986,1,1.19
1986,2,4.7
1986,3,5.37
1986,4,0.27
1986,9,0.78
1986,11,1.25
1986,12,1.25
1987,1,1.55
1987,2,1.84
1987,3,4.24
1987,4,0.3
1987,6,0.5
1987,10,1.32
1987,11,1.3800000000000001
1987,12,3.68
1988,1,1.94
1988,2,2.42
1988,3,1.03
1988,4,2.9899999999999998
1988,5,0.11
1988,6,0.19
1988,11,1.06
1988,12,4.27
1989,1,0.39
1989,2,1.1600000000000001
1989,3,0.7
1989,4,0.22
1989,5,0.44
1989,9,0.62
1989,10,0.48000000000000004
1989,11,0.27
1990,1,3.41
1990,2,2.06
1990,3,0.43
1990,4,0.41000000000000003
1990,5,0.39
1990,9,0.22999999999999998
1990,11,0.29000000000000004
1990,12,0.54
1991,1,1.2
1991,2,1.69
1991,3,12.33
1991,4,0.2
1991,10,0.38
1991,11,0.19
1991,12,3.93
1992,1,2.57
1992,2,6.95
1992,3,2.9
1992,7,0.08
1992,10,1.0699999999999998
1992,12,4.12
1993,1,7.15
1993,2,7.140000000000001
1993,3,4.74
1993,4,0.1
1993,5,0.28
1993,6,0.11
1993,10,0.26
1993,11,1.02
1993,12,1.57
1994,1,1.76
1994,2,4.43
1994,3,2.4299999999999997
1994,4,0.79
1994,5,1.1099999999999999
1994,9,0.09
1994,10,0.64
1994,11,1.73
1994,12,1.19
1995,1,14.92
1995,2,1.85
1995,3,6.739999999999999
1995,4,0.45
1995,5,0.79
1995,6,0.79
1995,11,0.25
1995,12,1.17
1996,1,1.68
1996,2,8.97
1996,3,2.33
1996,4,0.85
1996,5,0.22
1996,6,0.03
1996,10,2.25
1996,11,1.84
1996,12,4.62
1997,1,4.24
1997,2,0.08
1997,7,0.13
1997,9,0.54
1997,11,3.66
1997,12,4.08
1998,1,4.19
1998,2,14.94
1998,3,3.05
1998,4,3.34
1998,5,2.38
1998,6,0.05
1998,9,0.5
1998,10,0.14
1998,11,1.9900000000000002
1998,12,1.1199999999999999
1999,1,2.62
1999,2,1.21
1999,3,6.31
1999,4,2.13
1999,6,0.0
1999,7,0.0
1999,8,0.13
1999,9,0.0
1999,11,1.66
1999,12,0.03
2000,1,1.53
2000,2,8.780000000000001
2000,3,1.88
2000,4,3.45
2000,6,0.18
2000,10,2.3
2000,12,0.03
2001,1,5.13
2001,2,5.22
2001,3,3.9899999999999998
2001,4,1.6600000000000001
2001,9,0.0
2001,10,0.54
2001,11,3.03
2001,12,1.9
2002,1,0.94
2002,2,0.26
2002,3,0.66
2002,4,0.19
2002,5,0.15
2002,8,0.01
2002,9,0.01
2002,11,2.6100000000000003
2002,12,5.0
2003,1,0.04
2003,2,2.46
2003,3,1.7
2003,4,1.6700000000000002
2003,5,1.31
2003,6,0.03
2003,9,0.01
2003,11,1.32
2003,12,1.9
2004,1,0.69
2004,2,4.95
2004,3,0.49
2004,10,4.52
2004,11,0.97
2004,12,5.9399999999999995
2005,1,6.1
2005,2,5.25
2005,3,3.83
2005,4,0.81
2005,5,0.8300000000000001
2005,6,0.01
2005,9,0.1
2005,10,0.7
2005,11,1.7
2005,12,1.09
2006,1,4.51
2006,2,1.07
2006,3,4.21
2006,4,4.08
2006,5,0.8500000000000001
2006,10,0.69
2006,11,0.21000000000000002
2006,12,1.23
2007,1,1.21
2007,2,2.2
2007,3,0.14
2007,4,0.54
2007,5,0.04
2007,8,0.03
2007,9,0.7
2007,10,0.52
2007,11,0.02
2007,12,2.6
2008,1,11.4
2008,2,1.72
2008,3,0.02
2008,4,0.05
2008,10,0.02
2008,11,2.16
2008,12,2.02
2009,1,0.23
2009,2,5.16
2009,3,0.64
2009,4,0.13
2009,5,0.05
2009,6,0.1
2009,9,0.01
2009,10,1.4100000000000001
2009,12,2.8500000000000005
2010,1,6.69
2010,2,3.6
2010,3,0.41000000000000003
2010,4,2.5800000000000005
2010,5,0.06
2010,10,1.5
2010,11,0.98
2010,12,8.67999999999999
2011,1,1.46
2011,2,3.7399999999999998
2011,3,4.719999999999985
2011,4,0.14
2011,5,0.2
2011,6,0.26
2011,9,0.04
2011,10,0.64
2011,11,2.1200000000000006
2011,12,0.18
2012,1,1.54
2012,2,0.3
2012,3,2.7900000000000014
2012,4,2.9500000000000006
2012,10,0.07
2012,11,0.7300000000000002
2012,12,2.950000000000001
2013,1,0.8300000000000002
2013,2,0.6600000000000001
2013,3,0.9800000000000004
2013,4,0.08
2013,5,0.01
2013,10,0.2899999935179949
2013,11,0.47999998927116394
2013,12,0.20999999530613422
2014,2,2.509999943897128
2014,3,1.9799999557435513
2014,4,0.7799999825656414
2014,10,0.009999999776482582
2014,11,1.0899999756366014
2014,12,3.5999999195337296
2015,1,1.0399999767541885
2015,2,0.9699999783188105
2015,3,0.3999999910593033
2015,4,0.3199999928474426
2015,5,0.05999999865889549
2015,6,0.07999999821186066
2015,7,0.06999999843537807
2015,8,0.009999999776482582
2015,9,0.04999999888241291
2015,10,0.11999999731779099
2015,11,0.7499999832361937
2015,12,1.7099999617785215
2016,1,3.5099999215453863
2016,2,1.2599999718368053
2016,3,3.1499999295920134
2016,4,1.1299999747425318
2016,5,0.1099999975413084
2016,10,1.4499999675899744
2016,11,1.8499999586492777
2016,12,2.679999940097332
2017,1,7.149999840185046
2017,2,6.829999847337604
2017,3,0.8599999807775021
2017,4,0.5999999865889549
2017,5,0.3999999910593033
2017,9,0.669999985024333
2017,11,0.1099999975413084
2017,12,0.019999999552965164
2018,1,2.3099999483674765
2018,2,0.17999999597668648
2018,3,5.529999876394868
2018,4,0.30999999307096004
2018,10,0.3399999924004078
2018,11,2.0699999537318945
2018,12,0.8799999803304672
2019,1,6.4299998562783
2019,2,6.299999859184027
2019,3,2.679999940097332
2019,4,0.13999999687075615
2019,5,1.0699999760836363
2019,6,0.019999999552965164
2019,8,0.019999999552965164
2019,11,1.3699999693781137
2019,12,4.619999896734953
2020,1,0.5899999868124723
2020,2,0.019999999552965164
2020,3,5.579999875277281
2020,4,2.819999936968088
2020,5,0.09999999776482582
2020,6,0.04999999888241291
2020,8,0.07999999821186066
2020,9,0.019999999552965164
2020,10,0.019999999552965164
2020,11,0.5299999881535769
2020,12,2.009999955072999
2021,1,4.799999892711639
2021,2,0.1699999962002039
2021,3,0.8699999805539846
2021,10,1.0699999760836363
2021,11,0.12999999709427357
2021,12,5.759999871253967
2022,1,0.1699999962002039
2022,2,0.06999999843537807
2022,3,2.0499999541789293
2022,4,0.3499999921768904
2022,9,0.5299999881535769
2022,10,0.09999999776482582
2022,11,1.5599999651312828
2022,12,4.999999888241291
2023,1,10.989999754354358
2023,2,6.6599998511374
2023,3,6.939999844878912
2023,4,0.029999999329447746
2023,5,0.30999999307096004
2023,6,0.2199999950826168
2023,9,0.029999999329447746
2023,10,0.05999999865889549
2023,11,0.5999999865889549
2023,12,5.099999886006117
2024,1,1.4199999682605267
2024,2,7.839999824762344
2024,3,3.4999999217689037
2024,4,2.1399999521672726
2024,5,0.17999999597668648
2024,9,0.12999999999999998
2024,10,0.02
2024,11,0.9400000000000002
2024,12,0.51
2025,1,0.13999999999999999
2025,2,2.4800000000000013
2025,3,3.3000000000000016
2025,4,0.5700000000000002
2025,9,0.39
2025,10,1.7
2025,11,5.06
2025,12,4.51
2026,1,2.65
2026,2,4.2700000000000005
